PERIOD,AUDITTYPE,STORECODE,DLRCODE,ITEMCODE,CATEGORY,MANUFACTURE,BRAND,ITEMDESC,MRP,PACKSIZE,PACKTYPE,COMMENTS,IMAGE
202412,3,1023175036910,21104030050,1732537658621,105,SURYA NEPAL PVT LTD - NEPAL,SURYA FUSION,SURYA FUSION,320,20K'S,FLT,New SKU,
202412,3,1024112229467,21104030054,1732537658621,105,SURYA NEPAL PVT LTD - NEPAL,SURYA FUSION,SURYA FUSION,320,20K'S,FLT,New SKU,
202412,3,1024113043159,21104030018,1732537658621,105,SURYA NEPAL PVT LTD - NEPAL,SURYA FUSION,SURYA FUSION,320,20K'S,FLT,New SKU,
202412,3,1023071618294,21104030027,1732537658621,105,SURYA NEPAL PVT LTD - NEPAL,SURYA FUSION,SURYA FUSION,320,20K'S,FLT,New SKU,
202412,3,1023102220974,21104030044,1732537658621,105,SURYA NEPAL PVT LTD - NEPAL,SURYA FUSION,SURYA FUSION,320,20K'S,FLT,New SKU,
202412,3,1023120416981,21104030017,1732537658621,105,SURYA NEPAL PVT LTD - NEPAL,SURYA FUSION,SURYA FUSION,320,20K'S,FLT,New SKU,
202412,3,1023173737366,21104030039,1732537658621,105,SURYA NEPAL PVT LTD - NEPAL,SURYA FUSION,SURYA FUSION,320,20K'S,FLT,New SKU,
202412,3,1023195011424,21104030071,1732537658621,105,SURYA NEPAL PVT LTD - NEPAL,SURYA FUSION,SURYA FUSION,320,20K'S,FLT,New SKU,
202412,3,1021112743621,21104030034,1732537658621,105,SURYA NEPAL PVT LTD - NEPAL,SURYA FUSION,SURYA FUSION,320,20K'S,FLT,New SKU,
202412,3,2110114814,21101031833,1732693369550,105,"SURYA NEPAL PVT. LTD. ",SURYA FUSION,SURYA FUSION-SURYA NEPAL-20-STICK-HL,320,20,HL,,
202411,2,116304492,11301020014,1732595404577,134,RAYBOT SPRING'S MINERAL WATER-NEPAL,RAYBOT REFRESH,RAYBOT REFRESH MANGO PET 500ML,90,500ML,PET,,1732595404577-raybot spring-s mineral water-nepal-raybot refresh#3.png
202412,3,2110202078,21102030253,1731308020769,105,SURYA NEPAL PVT LTD - NEPAL,SURYA FUSION,SURYA FUSION,320,HL 20 NOS,CBP,,
202411,3,1027121252321,21103030085,1731308020769,105,SURYA NEPAL PVT LTD - NEPAL,SURYA FUSION,SURYA FUSION,320,HL 20 NOS,CBP,New SKU,
202412,3,2110201078,21102030239,1731308020769,105,SURYA NEPAL PVT LTD - NEPAL,SURYA FUSION,SURYA FUSION,320,HL 20 NOS,CBP,,
202412,3,2110203265,21102030257,1731308020769,105,SURYA NEPAL PVT LTD - NEPAL,SURYA FUSION,SURYA FUSION,320,HL 20 NOS,CBP,,
202412,3,2110203301,21102030226,1731308020769,105,SURYA NEPAL PVT LTD - NEPAL,SURYA FUSION,SURYA FUSION,320,HL 20 NOS,CBP,,
202411,3,1027115800637,21103030087,1731308020769,105,SURYA NEPAL PVT LTD - NEPAL,SURYA FUSION,SURYA FUSION,320,HL 20 NOS,CBP,New SKU,
202412,3,2110201364,21102030131,1731308020769,105,SURYA NEPAL PVT LTD - NEPAL,SURYA FUSION,SURYA FUSION,320,HL 20 NOS,CBP,,
202412,3,2110203312,21102030290,1731308020769,105,SURYA NEPAL PVT LTD - NEPAL,SURYA FUSION,SURYA FUSION,320,HL 20 NOS,CBP,,
202412,3,1027134813436,22502030011,1731222877542,105,SURYA NEPAL PVT LTD - NEPAL,SURYA FUSION,SURYA FUSION/HL/20NOS/MRP320,320,20 NOS,KS,,
202412,3,1027151822849,22502030010,1731222877542,105,SURYA NEPAL PVT LTD - NEPAL,SURYA FUSION,SURYA FUSION/HL/20NOS/MRP320,320,20 NOS,KS,,
202412,3,1022140741083,22502030047,1731222877542,105,SURYA NEPAL PVT LTD - NEPAL,SURYA FUSION,SURYA FUSION/HL/20NOS/MRP320,320,20 NOS,KS,,
202412,3,1022140741083,22502030047,1733036835774,105,GORKHA LAHARI PVT.LTD.- NEPAL,CAPTAIN GOLD,CAPTAIN GOLD/HL/20NOS/KFS/RS161.5,161.5,20NOS,KFS,,1733036835774-gorkha lahari pvt-ltd-- nepal-captain gold#3.png
202412,3,2110201173,21102030119,1731308020769,105,SURYA NEPAL PVT LTD - NEPAL,SURYA FUSION,SURYA FUSION,320,HL 20 NOS,CBP,Any other reason,
202411,3,2110203243,21102030264,1731308020769,105,SURYA NEPAL PVT LTD - NEPAL,SURYA FUSION,SURYA FUSION,320,HL 20 NOS,CBP,,
202411,3,1030140516341,22603030011,1732259484751,124,DEUTI GUTKHA INDUSTRIES,MEGHA SHREE PREMIUM,PREMIUM MEGHA SHREE/DEUTI GUTKHA INDUSTRIES/PPH/2GM,5,2GM,PPH,,
202411,3,1029072847531,22603030015,1732259484751,124,DEUTI GUTKHA INDUSTRIES,MEGHA SHREE PREMIUM,PREMIUM MEGHA SHREE/DEUTI GUTKHA INDUSTRIES/PPH/2GM,5,2GM,PPH,,
202411,3,1101162557168,21103030045,1731308020769,105,SURYA NEPAL PVT LTD - NEPAL,SURYA FUSION,SURYA FUSION,320,HL 20 NOS,CBP,,
202411,3,1025151656416,22711030055,1732862007821,105,SURYA NEPAL PVT LTD - NEPAL,SURYA FUSION,SURYA FUSION,320,20,HL,New SKU,
202411,3,1025154045540,22711030043,1732862007821,105,SURYA NEPAL PVT LTD - NEPAL,SURYA FUSION,SURYA FUSION,320,20,HL,New SKU,
202411,3,1026150952023,22711030057,1732862007821,105,SURYA NEPAL PVT LTD - NEPAL,SURYA FUSION,SURYA FUSION,320,20,HL,New SKU,
202411,3,1025155100093,22711030054,1732862007821,105,SURYA NEPAL PVT LTD - NEPAL,SURYA FUSION,SURYA FUSION,320,20,HL,New SKU,
202411,3,1025155528865,22711030056,1732862007821,105,SURYA NEPAL PVT LTD - NEPAL,SURYA FUSION,SURYA FUSION,320,20,HL,New SKU,
202411,3,1027132233767,22711030050,1732862007821,105,SURYA NEPAL PVT LTD - NEPAL,SURYA FUSION,SURYA FUSION,320,20,HL,New SKU,
202411,3,1023140421012,22711030012,1732862007821,105,SURYA NEPAL PVT LTD - NEPAL,SURYA FUSION,SURYA FUSION,320,20,HL,New SKU,
202411,3,1025163212595,22711030053,1732862007821,105,SURYA NEPAL PVT LTD - NEPAL,SURYA FUSION,SURYA FUSION,320,20,HL,New SKU,1732862007821-surya nepal pvt ltd - nepal-surya fusion#3.png
202411,3,1024152716948,22711030048,1732862007821,105,SURYA NEPAL PVT LTD - NEPAL,SURYA FUSION,SURYA FUSION,320,20,HL,New SKU,
202411,3,1022174634184,21104030063,1732537658621,105,SURYA NEPAL PVT LTD - NEPAL,SURYA FUSION,SURYA FUSION,320,20K'S,FLT,New SKU,
202411,3,1022163031508,21104030068,1732537658621,105,SURYA NEPAL PVT LTD - NEPAL,SURYA FUSION,SURYA FUSION,320,20K'S,FLT,New SKU,
202411,3,1022143034199,21104030030,1732885438981,105,SURYA NEPAL PVT LTD - NEPAL,CAPTAIN FILTER KINGS,CAPTAIN FILTER KINGS GOLD,161.5,20K''S,FLT,New SKU,1732885438981-surya nepal pvt ltd - nepal-captain filter kings#3.png
202411,3,1022143034199,21104030030,1732537658621,105,SURYA NEPAL PVT LTD - NEPAL,SURYA FUSION,SURYA FUSION,320,20K'S,FLT,Invoices not available,
202411,3,1110112116576,22603030029,1732259484751,124,DEUTI GUTKHA INDUSTRIES,MEGHA SHREE PREMIUM,PREMIUM MEGHA SHREE/DEUTI GUTKHA INDUSTRIES/PPH/2GM,5,2GM,PPH,,
202411,3,1029142435044,22603030035,1732259484751,124,DEUTI GUTKHA INDUSTRIES,MEGHA SHREE PREMIUM,PREMIUM MEGHA SHREE/DEUTI GUTKHA INDUSTRIES/PPH/2GM,5,2GM,PPH,,
202411,3,1111093738592,22603030027,1732259484751,124,DEUTI GUTKHA INDUSTRIES,MEGHA SHREE PREMIUM,PREMIUM MEGHA SHREE/DEUTI GUTKHA INDUSTRIES/PPH/2GM,5,2GM,PPH,,
202411,3,1029150412276,22603030036,1732259484751,124,DEUTI GUTKHA INDUSTRIES,MEGHA SHREE PREMIUM,PREMIUM MEGHA SHREE/DEUTI GUTKHA INDUSTRIES/PPH/2GM,5,2GM,PPH,,
202411,2,128757050,12201020010,1731486940758,134,CHAUDHARY GROUP - NEPAL,RIO,RIO-APPLE-APPLE TPK 180ML,30,180ML,TPK,,1731486940758-chaudhary group - nepal-rio#3.png
202411,2,128993711,12201020018,1731486940758,134,CHAUDHARY GROUP - NEPAL,RIO,RIO-APPLE-APPLE TPK 180ML,30,180ML,TPK,,
202411,3,1023122004019,21104030076,1732537658621,105,SURYA NEPAL PVT LTD - NEPAL,SURYA FUSION,SURYA FUSION,320,20K'S,FLT,New SKU,
202411,3,1023114501866,21104030079,1732537658621,105,SURYA NEPAL PVT LTD - NEPAL,SURYA FUSION,SURYA FUSION,320,20K'S,FLT,New SKU,
202411,3,1024141607726,22711030028,1732530969912,105,SURYA NEPAL PVT LTD - NEPAL,SURYA FUSION,SURYA FUSION,320,75-85MM,20,New SKU,
202411,3,1024130437625,22711030033,1732530969912,105,SURYA NEPAL PVT LTD - NEPAL,SURYA FUSION,SURYA FUSION,320,75-85MM,20,New SKU,
202411,3,1024125918658,22711030022,1732530969912,105,SURYA NEPAL PVT LTD - NEPAL,SURYA FUSION,SURYA FUSION,320,75-85MM,20,New SKU,
202411,3,1026130411138,22711030026,1732530969912,105,SURYA NEPAL PVT LTD - NEPAL,SURYA FUSION,SURYA FUSION,320,75-85MM,20,New SKU,
202411,3,1025163824882,22711030063,1732530969912,105,SURYA NEPAL PVT LTD - NEPAL,SURYA FUSION,SURYA FUSION,320,75-85MM,20,New SKU,
202411,3,1024134306356,22711030021,1732530969912,105,SURYA NEPAL PVT LTD - NEPAL,SURYA FUSION,SURYA FUSION,320,75-85MM,20,New SKU,
202411,3,1027130412225,22711030027,1732530969912,105,SURYA NEPAL PVT LTD - NEPAL,SURYA FUSION,SURYA FUSION,320,75-85MM,20,New SKU,
202411,3,1221100515477,22711030016,1732530969912,105,SURYA NEPAL PVT LTD - NEPAL,SURYA FUSION,SURYA FUSION,320,75-85MM,20,New SKU,
202411,3,1024145130438,22711030018,1732530969912,105,SURYA NEPAL PVT LTD - NEPAL,SURYA FUSION,SURYA FUSION,320,75-85MM,20,New SKU,
202411,3,2110115884,21101031839,1732693369550,105,"SURYA NEPAL PVT. LTD. ",SURYA FUSION,SURYA FUSION-SURYA NEPAL-20-STICK-HL,320,20,HL,New SKU,1732693369550-surya nepal pvt- ltd- -surya fusion#3.png
202411,3,2110115899,21101031838,1732693369550,105,"SURYA NEPAL PVT. LTD. ",SURYA FUSION,SURYA FUSION-SURYA NEPAL-20-STICK-HL,320,20,HL,,
202411,3,1029174424049,21104030037,1732537658621,105,SURYA NEPAL PVT LTD - NEPAL,SURYA FUSION,SURYA FUSION,320,20K'S,FLT,New SKU,
202411,3,1022145502627,21104030028,1732537658621,105,SURYA NEPAL PVT LTD - NEPAL,SURYA FUSION,SURYA FUSION,320,20K'S,FLT,New SKU,
202411,3,1210102725,12101030168,1732251636707,126,MADHU CHEMICAL COMPANY,MADHU,MADHU SWEET- SUPARI PPH 1.45 GM.,3,1.45GM,PPH,,
202411,3,1024144116686,22711030025,1732530969912,105,SURYA NEPAL PVT LTD - NEPAL,SURYA FUSION,SURYA FUSION,320,75-85MM,20,New SKU,
202411,3,1025164705154,22711030029,1732530969912,105,SURYA NEPAL PVT LTD - NEPAL,SURYA FUSION,SURYA FUSION,320,75-85MM,20,New SKU,
202411,3,1025154322411,22711030030,1732530969912,105,SURYA NEPAL PVT LTD - NEPAL,SURYA FUSION,SURYA FUSION,320,75-85MM,20,New SKU,
202411,3,1210102540,12101030062,1732251636707,126,MADHU CHEMICAL COMPANY,MADHU,MADHU SWEET- SUPARI PPH 1.45 GM.,3,1.45GM,PPH,Any other reason,
202411,3,1210102672,12101030020,1732251636707,126,MADHU CHEMICAL COMPANY,MADHU,MADHU SWEET- SUPARI PPH 1.45 GM.,3,1.45GM,PPH,Any other reason,
202411,3,1030170645734,21104030043,1732537658621,105,SURYA NEPAL PVT LTD - NEPAL,SURYA FUSION,SURYA FUSION,320,20K'S,FLT,Invoices not available,
202411,3,1023191314293,21104030029,1732537658621,105,SURYA NEPAL PVT LTD - NEPAL,SURYA FUSION,SURYA FUSION,320,20K'S,FLT,New SKU,
202411,3,2110115954,21101031882,1732178087869,105,GORKHA LAHARI PVT. LTD,CAPTAIN FILTER KING GOLD,CAPTAIN/20/HL/LUXURY/GORKHA LAHARI PVT. LTD/NEPAL,161,20,HL,,
202411,3,1024130849563,21103030044,1731308020769,105,SURYA NEPAL PVT LTD - NEPAL,SURYA FUSION,SURYA FUSION,320,HL 20 NOS,CBP,,
202411,3,1024151906813,21103030029,1731308020769,105,SURYA NEPAL PVT LTD - NEPAL,SURYA FUSION,SURYA FUSION,320,HL 20 NOS,CBP,,
202411,3,1027160630494,21103030086,1731308020769,105,SURYA NEPAL PVT LTD - NEPAL,SURYA FUSION,SURYA FUSION,320,HL 20 NOS,CBP,,
202411,3,1027123844463,21103030057,1731308020769,105,SURYA NEPAL PVT LTD - NEPAL,SURYA FUSION,SURYA FUSION,320,HL 20 NOS,CBP,,
202411,3,1028162712896,21103030042,1731308020769,105,SURYA NEPAL PVT LTD - NEPAL,SURYA FUSION,SURYA FUSION,320,HL 20 NOS,CBP,,
202411,3,1210100623,12101030153,1732251636707,126,MADHU CHEMICAL COMPANY,MADHU,MADHU SWEET- SUPARI PPH 1.45 GM.,3,1.45GM,PPH,,
202411,3,1210101366,12101030050,1732251636707,126,MADHU CHEMICAL COMPANY,MADHU,MADHU SWEET- SUPARI PPH 1.45 GM.,3,1.45GM,PPH,,
202411,3,1210100564,12101030054,1732251636707,126,MADHU CHEMICAL COMPANY,MADHU,MADHU SWEET- SUPARI PPH 1.45 GM.,3,1.45GM,PPH,,
202411,3,1210102726,12101030169,1732251636707,126,MADHU CHEMICAL COMPANY,MADHU,MADHU SWEET- SUPARI PPH 1.45 GM.,3,1.45GM,PPH,,
202411,3,1030131823075,22502030035,1731222877542,105,SURYA NEPAL PVT LTD - NEPAL,SURYA FUSION,SURYA FUSION/HL/20NOS/MRP320,320,20 NOS,KS,,
202411,3,1026152705465,22502030032,1731222877542,105,SURYA NEPAL PVT LTD - NEPAL,SURYA FUSION,SURYA FUSION/HL/20NOS/MRP320,320,20 NOS,KS,,
202411,3,1221105609678,22711030017,1732530969912,105,SURYA NEPAL PVT LTD - NEPAL,SURYA FUSION,SURYA FUSION,320,75-85MM,20,New SKU,
202411,3,1024125448681,22711030014,1732530969912,105,SURYA NEPAL PVT LTD - NEPAL,SURYA FUSION,SURYA FUSION,320,75-85MM,20,New SKU,
202411,3,1023135332474,22711030023,1732530969912,105,SURYA NEPAL PVT LTD - NEPAL,SURYA FUSION,SURYA FUSION,320,75-85MM,20,New SKU,
202411,3,1025135942643,22711030024,1732530969912,105,SURYA NEPAL PVT LTD - NEPAL,SURYA FUSION,SURYA FUSION,320,75-85MM,20,New SKU,
202411,3,1023152910154,22711030037,1732530969912,105,SURYA NEPAL PVT LTD - NEPAL,SURYA FUSION,SURYA FUSION,320,75-85MM,20,New SKU,
202411,3,1027131916993,22711030036,1732530969912,105,SURYA NEPAL PVT LTD - NEPAL,SURYA FUSION,SURYA FUSION,320,75-85MM,20,New SKU,1732530969912-surya nepal pvt ltd - nepal-surya fusion#3.png
202411,3,1210100226,12101030077,1732251636707,126,MADHU CHEMICAL COMPANY,MADHU,MADHU SWEET- SUPARI PPH 1.45 GM.,3,1.45GM,PPH,,
202411,3,1210102738,12101030224,1732251636707,126,MADHU CHEMICAL COMPANY,MADHU,MADHU SWEET- SUPARI PPH 1.45 GM.,3,1.45GM,PPH,,
202411,3,1021193243682,21104030077,1732537658621,105,SURYA NEPAL PVT LTD - NEPAL,SURYA FUSION,SURYA FUSION,320,20K'S,FLT,New SKU,
202411,3,1024134408901,21104030016,1732537658621,105,SURYA NEPAL PVT LTD - NEPAL,SURYA FUSION,SURYA FUSION,320,20K'S,FLT,New SKU,1732537658621-surya nepal pvt ltd - nepal-surya fusion#3.png
202411,3,122041029,12303030071,1732152899034,124,DEUTI GUTKHA INDUSTRIES,MEGHA SHREE PREMIUM,MEGHA SHREE PREMIUM-MEGHA SHREE-REGULAR-PPH 2.20GM,5,2.20GM,PPH,,
202411,3,121758224,12303030081,1732152899034,124,DEUTI GUTKHA INDUSTRIES,MEGHA SHREE PREMIUM,MEGHA SHREE PREMIUM-MEGHA SHREE-REGULAR-PPH 2.20GM,5,2.20GM,PPH,,
202411,3,1210102730,12101030173,1732251636707,126,MADHU CHEMICAL COMPANY,MADHU,MADHU SWEET- SUPARI PPH 1.45 GM.,3,1.45GM,PPH,,
202411,3,1210102771,12101030228,1732251636707,126,MADHU CHEMICAL COMPANY,MADHU,MADHU SWEET- SUPARI PPH 1.45 GM.,3,1.45GM,PPH,Any other reason,
202411,3,1210101167,12101030057,1732251636707,126,MADHU CHEMICAL COMPANY,MADHU,MADHU SWEET- SUPARI PPH 1.45 GM.,3,1.45GM,PPH,,
202411,3,1210101722,12101030157,1732251636707,126,MADHU CHEMICAL COMPANY,MADHU,MADHU SWEET- SUPARI PPH 1.45 GM.,3,1.45GM,PPH,,
202411,3,1210101154,12101030035,1732251636707,126,MADHU CHEMICAL COMPANY,MADHU,MADHU SWEET- SUPARI PPH 1.45 GM.,3,1.45GM,PPH,,
202411,3,1210102768,12101030225,1732251636707,126,MADHU CHEMICAL COMPANY,MADHU,MADHU SWEET- SUPARI PPH 1.45 GM.,3,1.45GM,PPH,,
202411,2,132860456,31303020016,1732265998135,134,AGRO THAI FOODS PVT LTD-NEPAL,JUICE JELLY,JUICE JELLY-STRAWBERRY PBT 320 ML,99,320ML,PBT,,1732265998135-agro thai foods pvt ltd-nepal-juice jelly#3.png
202411,3,1210102757,12101030210,1732251636707,126,MADHU CHEMICAL COMPANY,MADHU,MADHU SWEET- SUPARI PPH 1.45 GM.,3,1.45GM,PPH,Any other reason,
202411,2,128203335,21401020022,1731303478705,134,RAYBOT SPRING'S MINERAL WATER-NEPAL,RAYBOT REFRESH,RAYBOT REFRESH-LITCHI-PBT-250ML,50,250 ML,PBT,,
202411,3,3110105415,31101030576,1732078989157,124,DEUTI GUTKHA INDUSTRIES,MEGHA SHREE PREMIUM,MEGHA SHREE PREMIUM\2.20GM\PPHRS:5\DEUTI GUTKHA INDUSTRIES NEPAL,5,2.20GM,PPH,New SKU,
202411,2,123117800,31101020078,1731403137739,134,SURYADAYA DAIRY UDHYOG PVT LTD NEPAL,"SURYADAYA ",SURYADAYA BADAM DRINK\180ML\CAN\RS:100\SURYADAYA DAIRY UDHYOG PVT LTD NEPAL,100,180ML,CAN,,
202411,3,123718421,12303030023,1732152899034,124,DEUTI GUTKHA INDUSTRIES,MEGHA SHREE PREMIUM,MEGHA SHREE PREMIUM-MEGHA SHREE-REGULAR-PPH 2.20GM,5,2.20GM,PPH,,
202411,3,1210102221,12101030114,1732251636707,126,MADHU CHEMICAL COMPANY,MADHU,MADHU SWEET- SUPARI PPH 1.45 GM.,3,1.45GM,PPH,,
202411,3,1210102762,12101030215,1732251636707,126,MADHU CHEMICAL COMPANY,MADHU,MADHU SWEET- SUPARI PPH 1.45 GM.,3,1.45GM,PPH,,
202411,3,1210101553,12101030198,1732251636707,126,MADHU CHEMICAL COMPANY,MADHU,MADHU SWEET- SUPARI PPH 1.45 GM.,3,1.45GM,PPH,Any other reason,
202411,3,1210102205,12101030119,1732251636707,126,MADHU CHEMICAL COMPANY,MADHU,MADHU SWEET- SUPARI PPH 1.45 GM.,3,1.45GM,PPH,,
202411,3,1210101590,12101030042,1732251636707,126,MADHU CHEMICAL COMPANY,MADHU,MADHU SWEET- SUPARI PPH 1.45 GM.,3,1.45GM,PPH,,
202411,3,1210102761,12101030214,1732251636707,126,MADHU CHEMICAL COMPANY,MADHU,MADHU SWEET- SUPARI PPH 1.45 GM.,3,1.45GM,PPH,Any other reason,
202411,2,132803597,31303020004,1732266210771,134,AGRO THAI FOODS PVT LTD-NEPAL,JUICE JELLY,JUICE JELLY-CRANBERRY PBT 320ML,99,320 ML,"PBT ",,1732266210771-agro thai foods pvt ltd-nepal-juice jelly#3.png
202411,2,132803597,31303020004,1732265998135,134,AGRO THAI FOODS PVT LTD-NEPAL,JUICE JELLY,JUICE JELLY-STRAWBERRY PBT 320 ML,99,320ML,PBT,,1732265998135-agro thai foods pvt ltd-nepal-juice jelly#3.png
202411,3,1021141759768,21104030058,1731937092881,105,SURYA NEPAL PVT LTD - NEPAL,SURYA FUSION,SURYA FUSION,320,20'S-KS,FTP,New SKU,
202411,3,1210102744,12101030193,1732251636707,126,MADHU CHEMICAL COMPANY,MADHU,MADHU SWEET- SUPARI PPH 1.45 GM.,3,1.45GM,PPH,Any other reason,
202411,3,1210102746,12101030195,1732251636707,126,MADHU CHEMICAL COMPANY,MADHU,MADHU SWEET- SUPARI PPH 1.45 GM.,3,1.45GM,PPH,Any other reason,
202411,3,1210102190,12101030110,1732251636707,126,MADHU CHEMICAL COMPANY,MADHU,MADHU SWEET- SUPARI PPH 1.45 GM.,3,1.45GM,PPH,Any other reason,
202411,3,1020181120944,22502030046,1732259484751,124,DEUTI GUTKHA INDUSTRIES,MEGHA SHREE PREMIUM,PREMIUM MEGHA SHREE/DEUTI GUTKHA INDUSTRIES/PPH/2GM,5,2GM,PPH,,1732259484751-deuti gutkha industries-megha shree premium#3.png
202411,3,1022170057099,22502030036,1731222877542,105,SURYA NEPAL PVT LTD - NEPAL,SURYA FUSION,SURYA FUSION/HL/20NOS/MRP320,320,20 NOS,KS,,
202411,3,1210102749,12101030199,1732251636707,126,MADHU CHEMICAL COMPANY,MADHU,MADHU SWEET- SUPARI PPH 1.45 GM.,3,1.45GM,PPH,Any other reason,
202411,3,1210102763,12101030216,1732251636707,126,MADHU CHEMICAL COMPANY,MADHU,MADHU SWEET- SUPARI PPH 1.45 GM.,3,1.45GM,PPH,,
202411,3,1210100753,12101030196,1732251636707,126,MADHU CHEMICAL COMPANY,MADHU,MADHU SWEET- SUPARI PPH 1.45 GM.,3,1.45GM,PPH,,1732251636707-madhu chemical company-madhu#3.png
202411,3,122590579,12303030090,1732152899034,124,DEUTI GUTKHA INDUSTRIES,MEGHA SHREE PREMIUM,MEGHA SHREE PREMIUM-MEGHA SHREE-REGULAR-PPH 2.20GM,5,2.20GM,PPH,,
202411,3,1220102346,12201030187,1731054475107,126,MADHU PRODUCTS NEPAL,MADHU,MADHU-MADHU-SWEET SUPARI PPH 1.45G,3,1.45G,PPH,,
202411,3,1220102346,12201030187,1731055629590,124,DEUTI GUTKHA INDUSTRIES,MEGHA SHREE PREMIUM,MEGHA SHREE PREMIUM GUTKHA 2.20G,5,2.20G,PPH,,
202411,3,1220102379,12201030188,1731054475107,126,MADHU PRODUCTS NEPAL,MADHU,MADHU-MADHU-SWEET SUPARI PPH 1.45G,3,1.45G,PPH,,
202411,3,1220102358,12201030190,1731054475107,126,MADHU PRODUCTS NEPAL,MADHU,MADHU-MADHU-SWEET SUPARI PPH 1.45G,3,1.45G,PPH,,
202411,3,1220102358,12201030190,1731055629590,124,DEUTI GUTKHA INDUSTRIES,MEGHA SHREE PREMIUM,MEGHA SHREE PREMIUM GUTKHA 2.20G,5,2.20G,PPH,,
202411,3,1220102372,12201030159,1731055081538,124,VIKAS CHEMICALS NEPAL,SHUDH PLUS,SHUDH PLUS GUTKHA PPH 2G,5,2G,PPH,,1731055081538-vikas chemicals nepal-shudh plus#3.png
202411,3,1220102372,12201030159,1731055629590,124,DEUTI GUTKHA INDUSTRIES,MEGHA SHREE PREMIUM,MEGHA SHREE PREMIUM GUTKHA 2.20G,5,2.20G,PPH,,1731055629590-deuti gutkha industries-megha shree premium#3.png
202411,3,1220102372,12201030159,1731054475107,126,MADHU PRODUCTS NEPAL,MADHU,MADHU-MADHU-SWEET SUPARI PPH 1.45G,32.5,1.45G,PPH,,
202411,3,1220102403,12201030212,1731054475107,126,MADHU PRODUCTS NEPAL,MADHU,MADHU-MADHU-SWEET SUPARI PPH 1.45G,3,1.45G,PPH,,
202411,3,1220102368,12201030163,1731054475107,126,MADHU PRODUCTS NEPAL,MADHU,MADHU-MADHU-SWEET SUPARI PPH 1.45G,3,1.45G,PPH,,
202411,3,1220102369,12201030157,1731054475107,126,MADHU PRODUCTS NEPAL,MADHU,MADHU-MADHU-SWEET SUPARI PPH 1.45G,3,1.45G,PPH,,
202411,3,1220199002,12201030096,1731054475107,126,MADHU PRODUCTS NEPAL,MADHU,MADHU-MADHU-SWEET SUPARI PPH 1.45G,3,1.45G,PPH,,
202411,3,1210102759,12101030212,1731409450152,126,MADHU CHEMICAL COMPANY,MADHU,MADHU-SWEET SUPERI PPH-1.45 GM,3,1.45 GM.,PPH,Any other reason,
202411,3,2110100335,21101031333,1731937092881,105,SURYA NEPAL PVT LTD - NEPAL,SURYA FUSION,SURYA FUSION,320,20'S-KS,FTP,New SKU,
202411,3,2110100461,21101030995,1731937092881,105,SURYA NEPAL PVT LTD - NEPAL,SURYA FUSION,SURYA FUSION,320,20'S-KS,FTP,New SKU,
202411,3,2110100376,21101031341,1731937092881,105,SURYA NEPAL PVT LTD - NEPAL,SURYA FUSION,SURYA FUSION,320,20'S-KS,FTP,New SKU,
202411,3,2110100466,21101031687,1731937092881,105,SURYA NEPAL PVT LTD - NEPAL,SURYA FUSION,SURYA FUSION,320,20'S-KS,FTP,New SKU,
202411,3,1210102754,12101030206,1731409450152,126,MADHU CHEMICAL COMPANY,MADHU,MADHU-SWEET SUPERI PPH-1.45 GM,3,1.45 GM.,PPH,Any other reason,
202411,3,1210102751,12101030202,1731409450152,126,MADHU CHEMICAL COMPANY,MADHU,MADHU-SWEET SUPERI PPH-1.45 GM,3,1.45 GM.,PPH,Any other reason,
202411,3,1210102750,12101030201,1731409450152,126,MADHU CHEMICAL COMPANY,MADHU,MADHU-SWEET SUPERI PPH-1.45 GM,3,1.45 GM.,PPH,,
202411,3,1210100433,12101030087,1731409450152,126,MADHU CHEMICAL COMPANY,MADHU,MADHU-SWEET SUPERI PPH-1.45 GM,3,1.45 GM.,PPH,,
202411,3,2110100592,21101031853,1732178087869,105,GORKHA LAHARI PVT. LTD,CAPTAIN FILTER KING GOLD,CAPTAIN/20/HL/LUXURY/GORKHA LAHARI PVT. LTD/NEPAL,161,20,HL,New SKU,1732178087869-gorkha lahari pvt- ltd-captain filter king gold#3.png
202411,3,3110105409,31101030569,1732078989157,124,DEUTI GUTKHA INDUSTRIES,MEGHA SHREE PREMIUM,MEGHA SHREE PREMIUM\2.20GM\PPHRS:5\DEUTI GUTKHA INDUSTRIES NEPAL,5,2.20GM,PPH,New SKU,1732078989157-deuti gutkha industries-megha shree premium#3.png
202411,3,3110104588,31101030561,1732078989157,124,DEUTI GUTKHA INDUSTRIES,MEGHA SHREE PREMIUM,MEGHA SHREE PREMIUM\2.20GM\PPHRS:5\DEUTI GUTKHA INDUSTRIES NEPAL,5,2.20GM,PPH,New SKU,
202411,3,2110202671,21102030243,1731308020769,105,SURYA NEPAL PVT LTD - NEPAL,SURYA FUSION,SURYA FUSION,320,HL 20 NOS,CBP,,
202411,3,2110203255,21102030267,1731308020769,105,SURYA NEPAL PVT LTD - NEPAL,SURYA FUSION,SURYA FUSION,320,HL 20 NOS,CBP,Any other reason,
202411,3,2110203255,21102030267,1732167511468,105,GORKHA LAHARI PVT.LTD.- NEPAL,CAPTAIN GOLD,CAPTAIN GOLD FILTER KINGS /HL/20 NOS,161.5,20 NOS,CBP,,1732167511468-gorkha lahari pvt-ltd-- nepal-captain gold#3.png
202411,3,1027181256386,22709030057,1732001702308,105,SURYA NEPAL PVT LTD - NEPAL,SURYA FUSION,SURYA FUSION\20\NOSE\RS320,320,20 NOSE,KFT,Invoices not available,
202411,3,2110103214,21101031180,1732001904691,105,GORKHA LAHARI PVT.LTD.- NEPAL,CAPTAIN GOLD,CAPTAIN GOLD FILTER KINGS \20\RS161,161,20 NOSE,KFT,,1732001904691-gorkha lahari pvt-ltd-- nepal-captain gold#3.png
202411,3,2110103214,21101031180,1732001702308,105,SURYA NEPAL PVT LTD - NEPAL,SURYA FUSION,SURYA FUSION\20\NOSE\RS320,320,20 NOSE,KFT,,1732001702308-surya nepal pvt ltd - nepal-surya fusion#3.png
202411,3,1210102753,12101030204,1731409450152,126,MADHU CHEMICAL COMPANY,MADHU,MADHU-SWEET SUPERI PPH-1.45 GM,3,1.45 GM.,PPH,Any other reason,
202411,3,123578813,12303030028,1732152899034,124,DEUTI GUTKHA INDUSTRIES,MEGHA SHREE PREMIUM,MEGHA SHREE PREMIUM-MEGHA SHREE-REGULAR-PPH 2.20GM,5,2.20GM,PPH,,
202411,3,122585143,12303030027,1732152899034,124,DEUTI GUTKHA INDUSTRIES,MEGHA SHREE PREMIUM,MEGHA SHREE PREMIUM-MEGHA SHREE-REGULAR-PPH 2.20GM,5,2.20GM,PPH,,1732152899034-deuti gutkha industries-megha shree premium#3.png
202411,3,2110199002,21101030871,1731937092881,105,SURYA NEPAL PVT LTD - NEPAL,SURYA FUSION,SURYA FUSION,320,20'S-KS,FTP,Invoices not available,
202411,3,2110100497,21101031647,1731937092881,105,SURYA NEPAL PVT LTD - NEPAL,SURYA FUSION,SURYA FUSION,320,20'S-KS,FTP,New SKU,
202411,3,1220102362,12201030173,1731054475107,126,MADHU PRODUCTS NEPAL,MADHU,MADHU-MADHU-SWEET SUPARI PPH 1.45G,3,1.45G,PPH,,
202411,3,1220102404,12201030213,1731054475107,126,MADHU PRODUCTS NEPAL,MADHU,MADHU-MADHU-SWEET SUPARI PPH 1.45G,3,1.45G,PPH,,
202411,2,115334157,21102020003,1732088989459,134,T.R. INTERNATIONAL GROUP P.LTD-NPL,OXY PLUS,OXY-PLUS/PBT/750ML/MRP 45/T.R.INTERNATIONAL GROUP PVT.LTD.,45,750ML,PBT,,1732088989459-t-r- international group p-ltd-npl-oxy plus#3.png
202411,3,2110203242,21102030283,1731308020769,105,SURYA NEPAL PVT LTD - NEPAL,SURYA FUSION,SURYA FUSION,320,HL 20 NOS,CBP,,
202411,3,2110203275,21102030219,1731308020769,105,SURYA NEPAL PVT LTD - NEPAL,SURYA FUSION,SURYA FUSION,320,HL 20 NOS,CBP,Any other reason,
202411,3,1210102739,12101030187,1731409450152,126,MADHU CHEMICAL COMPANY,MADHU,MADHU-SWEET SUPERI PPH-1.45 GM,3,1.45 GM.,PPH,,
202411,3,1210102303,12101030188,1731409450152,126,MADHU CHEMICAL COMPANY,MADHU,MADHU-SWEET SUPERI PPH-1.45 GM,3,1.45 GM.,PPH,,
202411,3,1210100776,12101030089,1731409450152,126,MADHU CHEMICAL COMPANY,MADHU,MADHU-SWEET SUPERI PPH-1.45 GM,3,1.45 GM.,PPH,,
202411,3,1210102732,12101030175,1731409450152,126,MADHU CHEMICAL COMPANY,MADHU,MADHU-SWEET SUPERI PPH-1.45 GM,3,1.45 GM.,PPH,,
202411,3,2110100276,21101031450,1731937092881,105,SURYA NEPAL PVT LTD - NEPAL,SURYA FUSION,SURYA FUSION,320,20'S-KS,FTP,New SKU,
202411,3,2110100240,21101031160,1731937092881,105,SURYA NEPAL PVT LTD - NEPAL,SURYA FUSION,SURYA FUSION,320,20'S-KS,FTP,New SKU,
202411,3,1220102386,12201030158,1731054475107,126,MADHU PRODUCTS NEPAL,MADHU,MADHU-MADHU-SWEET SUPARI PPH 1.45G,3,1.45G,PPH,,
202411,3,1220102386,12201030158,1731055629590,124,DEUTI GUTKHA INDUSTRIES,MEGHA SHREE PREMIUM,MEGHA SHREE PREMIUM GUTKHA 2.20G,5,2.20G,PPH,,
202411,3,1220102363,12201030153,1731054475107,126,MADHU PRODUCTS NEPAL,MADHU,MADHU-MADHU-SWEET SUPARI PPH 1.45G,3,1.45G,PPH,,
202411,2,122167896,31101020073,1731481992502,118,MANAKAMANA FRUIT & BEVERAGE-NP,NIMBU FRESH,NIMBU FRESH-LEMON-LEMON PET 1500ML,190,1500ML,PET,,1731481992502-manakamana fruit - beverage-np-nimbu fresh#3.png
202411,3,2110100221,21101031397,1731222877542,105,SURYA NEPAL PVT LTD - NEPAL,SURYA FUSION,SURYA FUSION/HL/20NOS/MRP320,320,20 NOS,KS,,
202411,3,2110100576,21101031789,1731222877542,105,SURYA NEPAL PVT LTD - NEPAL,SURYA FUSION,SURYA FUSION/HL/20NOS/MRP320,320,20 NOS,KS,,
202411,3,1210102723,12101030227,1731409450152,126,MADHU CHEMICAL COMPANY,MADHU,MADHU-SWEET SUPERI PPH-1.45 GM,3,1.45 GM.,PPH,Any other reason,
202411,3,1210102219,12101030217,1731409450152,126,MADHU CHEMICAL COMPANY,MADHU,MADHU-SWEET SUPERI PPH-1.45 GM,3,1.45 GM.,PPH,,
202411,3,1210101382,12101030105,1731409450152,126,MADHU CHEMICAL COMPANY,MADHU,MADHU-SWEET SUPERI PPH-1.45 GM,3,1.45 GM.,PPH,Any other reason,
202411,3,1210102642,12101030099,1731409450152,126,MADHU CHEMICAL COMPANY,MADHU,MADHU-SWEET SUPERI PPH-1.45 GM,3,1.45 GM.,PPH,Any other reason,
202411,3,1220102375,12201030189,1731054475107,126,MADHU PRODUCTS NEPAL,MADHU,MADHU-MADHU-SWEET SUPARI PPH 1.45G,3,1.45G,PPH,,
202411,3,1210101577,12101030100,1731409450152,126,MADHU CHEMICAL COMPANY,MADHU,MADHU-SWEET SUPERI PPH-1.45 GM,3,1.45 GM.,PPH,,
202411,3,2110100232,21101031571,1731937092881,105,SURYA NEPAL PVT LTD - NEPAL,SURYA FUSION,SURYA FUSION,320,20'S-KS,FTP,New SKU,1731937092881-surya nepal pvt ltd - nepal-surya fusion#3.png
202411,3,1031154915602,52201030027,1731308020769,105,SURYA NEPAL PVT LTD - NEPAL,SURYA FUSION,SURYA FUSION,320,HL 20 NOS,CBP,,
202411,3,1103132536656,52201030011,1731308020769,105,SURYA NEPAL PVT LTD - NEPAL,SURYA FUSION,SURYA FUSION,320,HL 20 NOS,CBP,,
202411,3,1210100079,12101030022,1731409450152,126,MADHU CHEMICAL COMPANY,MADHU,MADHU-SWEET SUPERI PPH-1.45 GM,3,1.45 GM.,PPH,,
202411,3,1220100003,12201030162,1731054475107,126,MADHU PRODUCTS NEPAL,MADHU,MADHU-MADHU-SWEET SUPARI PPH 1.45G,3,1.45G,PPH,,
202411,3,1220100003,12201030162,1731055629590,124,DEUTI GUTKHA INDUSTRIES,MEGHA SHREE PREMIUM,MEGHA SHREE PREMIUM GUTKHA 2.20G,5,2.20G,PPH,,
202411,3,1220100030,12201030091,1731054475107,126,MADHU PRODUCTS NEPAL,MADHU,MADHU-MADHU-SWEET SUPARI PPH 1.45G,3,1.45G,PPH,,
202411,2,128189766,31101020097,1731823571588,118,SINGAPORE BEVERAGE-NEPAL,LEMONZAAAAA NIMBU PANI,LEMONZAAAAA NIMBU PANI-LEMON PET 1500ML,190,1500 ML,PET,,1731823571588-singapore beverage-nepal-lemonzaaaaa nimbu pani#3.png
202411,3,1210101123,12101030094,1731409450152,126,MADHU CHEMICAL COMPANY,MADHU,MADHU-SWEET SUPERI PPH-1.45 GM,3,1.45 GM.,PPH,,
202411,3,1210100608,12101030162,1731409450152,126,MADHU CHEMICAL COMPANY,MADHU,MADHU-SWEET SUPERI PPH-1.45 GM,3,1.45 GM.,PPH,,
202411,3,1210101757,12101030223,1731409450152,126,MADHU CHEMICAL COMPANY,MADHU,MADHU-SWEET SUPERI PPH-1.45 GM,3,1.45 GM.,PPH,,
202411,3,1210101520,12101030156,1731409450152,126,MADHU CHEMICAL COMPANY,MADHU,MADHU-SWEET SUPERI PPH-1.45 GM,3,1.45 GM.,PPH,,
202411,3,1210102147,12101030220,1731409450152,126,MADHU CHEMICAL COMPANY,MADHU,MADHU-SWEET SUPERI PPH-1.45 GM,3,1.45 GM.,PPH,,
202411,3,1210100020,12101030026,1731409450152,126,MADHU CHEMICAL COMPANY,MADHU,MADHU-SWEET SUPERI PPH-1.45 GM,3,1.45 GM.,PPH,,
202411,3,1210102549,12101030191,1731409450152,126,MADHU CHEMICAL COMPANY,MADHU,MADHU-SWEET SUPERI PPH-1.45 GM,3,1.45 GM.,PPH,,
202411,3,1210102765,12101030221,1731409450152,126,MADHU CHEMICAL COMPANY,MADHU,MADHU-SWEET SUPERI PPH-1.45 GM,3,1.45 GM.,PPH,Any other reason,
202411,3,1022153526929,22502030026,1731222877542,105,SURYA NEPAL PVT LTD - NEPAL,SURYA FUSION,SURYA FUSION/HL/20NOS/MRP320,320,20 NOS,KS,,
202411,3,1210100769,12101030084,1731409450152,126,MADHU CHEMICAL COMPANY,MADHU,MADHU-SWEET SUPERI PPH-1.45 GM,3,1.45 GM.,PPH,Any other reason,
202411,3,1210100651,12101030082,1731409450152,126,MADHU CHEMICAL COMPANY,MADHU,MADHU-SWEET SUPERI PPH-1.45 GM,3,1.45 GM.,PPH,,
202411,3,1220100001,12201030179,1731054475107,126,MADHU PRODUCTS NEPAL,MADHU,MADHU-MADHU-SWEET SUPARI PPH 1.45G,3,1.45G,PPH,,
202411,3,2110202347,21102030213,1731308020769,105,SURYA NEPAL PVT LTD - NEPAL,SURYA FUSION,SURYA FUSION,320,HL 20 NOS,CBP,,
202411,2,122332165,31101020087,1731481992502,118,MANAKAMANA FRUIT & BEVERAGE-NP,NIMBU FRESH,NIMBU FRESH-LEMON-LEMON PET 1500ML,190,1500ML,PET,Sales Deviation is OK,1731481992502-manakamana fruit - beverage-np-nimbu fresh#3.png
202411,2,130302224,31101020064,1731403137739,134,SURYADAYA DAIRY UDHYOG PVT LTD NEPAL,"SURYADAYA ",SURYADAYA BADAM DRINK\180ML\CAN\RS:100\SURYADAYA DAIRY UDHYOG PVT LTD NEPAL,99,180ML,CAN,New SKU,1731403137739-suryadaya dairy udhyog pvt ltd nepal-suryadaya #3.png
202411,3,1210102727,12101030182,1731409450152,126,MADHU CHEMICAL COMPANY,MADHU,MADHU-SWEET SUPERI PPH-1.45 GM,3,1.45 GM.,PPH,,1731409450152-madhu chemical company-madhu#3.png
202411,3,2110203313,21102030291,1731222877542,105,SURYA NEPAL PVT LTD - NEPAL,SURYA FUSION,SURYA FUSION/HL/20NOS/MRP320,320,20 NOS,KS,,
202411,3,1220100010,12201030122,1731054475107,126,MADHU PRODUCTS NEPAL,MADHU,MADHU-MADHU-SWEET SUPARI PPH 1.45G,3,1.45G,PPH,,
202411,3,1220100005,12201030170,1731054475107,126,MADHU PRODUCTS NEPAL,MADHU,MADHU-MADHU-SWEET SUPARI PPH 1.45G,3,1.45G,PPH,,
202411,3,1220102348,12201030177,1731054475107,126,MADHU PRODUCTS NEPAL,MADHU,MADHU-MADHU-SWEET SUPARI PPH 1.45G,3,1.45G,PPH,,
202411,2,112116438,21102020060,1731303478705,134,RAYBOT SPRING'S MINERAL WATER-NEPAL,RAYBOT REFRESH,RAYBOT REFRESH-LITCHI-PBT-250ML,50,250 ML,PBT,,1731303478705-raybot spring-s mineral water-nepal-raybot refresh#3.png
202411,3,2110203304,21102030204,1731308020769,105,SURYA NEPAL PVT LTD - NEPAL,SURYA FUSION,SURYA FUSION,320,HL 20 NOS,CBP,,1731308020769-surya nepal pvt ltd - nepal-surya fusion#3.png
202411,3,1220100007,12201030152,1731054475107,126,MADHU PRODUCTS NEPAL,MADHU,MADHU-MADHU-SWEET SUPARI PPH 1.45G,3,1.45G,PPH,,
202411,3,1220100056,12201030140,1731054475107,126,MADHU PRODUCTS NEPAL,MADHU,MADHU-MADHU-SWEET SUPARI PPH 1.45G,3,1.45G,PPH,,
202411,3,1220100023,12201030087,1731054475107,126,MADHU PRODUCTS NEPAL,MADHU,MADHU-MADHU-SWEET SUPARI PPH 1.45G,3,1.45G,PPH,,
202411,3,2110203262,21102030229,1731222877542,105,SURYA NEPAL PVT LTD - NEPAL,SURYA FUSION,SURYA FUSION/HL/20NOS/MRP320,320,20 NOS,KS,,1731222877542-surya nepal pvt ltd - nepal-surya fusion#3.png
202411,3,1220100036,12201030099,1731054475107,126,MADHU PRODUCTS NEPAL,MADHU,MADHU-MADHU-SWEET SUPARI PPH 1.45G,3,1.45G,PPH,,
202411,3,1220100024,12201030116,1731054475107,126,MADHU PRODUCTS NEPAL,MADHU,MADHU-MADHU-SWEET SUPARI PPH 1.45G,3,1.45G,PPH,,1731054475107-madhu products nepal-madhu#3.png
